issue,count,avg_sentiment
tmobile,4,0.11666666666666667
service,3,-0.011111111111111108
customer,2,-0.33333333333333337
coverage,2,-0.25
area,2,-0.012500000000000011
bill,2,0.023333333333333373
internet,2,-0.012500000000000011
terrible,1,-1.0
waiting,1,-1.0
hold,1,-1.0
minutes,1,-1.0
love,1,0.5
reliable,1,0.5
way,1,0.48000000000000004
high,1,0.48000000000000004
month,1,0.48000000000000004
happy,1,0.48000000000000004
great,1,0.5
fast,1,0.5
thank,1,0.5
